INSERT INTO ListArtists (artist_id, artist_name)
VALUES
(1, 'Depeche Mode'),
(2, 'Pink'),
(3, 'Tiësto'),
(4, 'Flo Rida'),
(5, 'The Black Eyed Peas'),
(6, 'David Guetta'),
(7, 'Nickelback'),
(8, 'Calvin Harris');
INSERT INTO ListMusicalGenres (genre_id, genre_name)
VALUES
(1, 'Electronic rock'),
(2, 'Pop'),
(3, 'Electro house'),
(4, 'Rap'),
(5, 'Dance music'),
(6, 'Alternative');
INSERT INTO ArtistsGenres(artist_id, genre_id)
VALUES
(1, 1),
(2, 2),
(3, 3),
(4, 4),
(5, 2),
(6, 5),
(7, 6),
(8, 5);

INSERT INTO AlbumList(album_id, album_name, date_release)
VALUES
(1, 'Violator', '19-03-1990'),
(2, 'Songs of Faith and Devotion','22-03-1993'),
(3, 'Beautiful Trauma', '13-10-2017'),
(4, 'Kaleidoscope', '06-10-2009'),
(5, 'Wild Ones', '03-07-2013'),
(6, 'Monkey Business', '07-06-2005'),
(7, 'Nothing but the Beat', '26-08-2011'),
(8, 'Feed the Machine',  '16-06-2017'),
(9, 'Funk Wav Bounces Vol. 1', '30-06-2017');

INSERT INTO CompilationList(album_id, album_name, date_release)
VALUES
(10, 'Top of the Pop', '14-10-2017'),
(11, 'Electronic music hits', '24-11-2020'),
(12, 'Depeche Mode the Best', '12-04-1996'),
(13, 'Music Boom 2017', '03-11-2017'),
(14, 'Pop soul the best', '20-01-2018'),
(15, 'Hot dance', '04-02-2019'),
(16, 'Alternative rock hit parade', '04-04-2018'),
(17, 'Musical total towering 2017', '11-12-2017');

INSERT INTO Track(track_id, track_name, duration_track_sec, album_id)
VALUES
(1, 'World in My Eyes', '267', 1),
(2, 'Sweetest Perfection', '264', 1),
(3, 'Personal Jesus', '296', 1),
(4, 'Halo', '290', 1),
(5, 'Waiting for the Night', '417', 1),
(6, 'Enjoy the Silence', '413', 1),
(7, 'Policy of Truth', '295', 1),
(8, 'Blue Dress', '338', 1),
(9, 'Clean', '333', 1),
(10, 'I Feel You', '275', 2),
(11, 'Walking in My Shoes', '335', 2),
(12, 'Condemnation', '200', 2),
(13, 'Mercy in You', '257', 2),
(14,'Judas','314', 2),
(15, 'In Your Room', '386', 2),
(16,'Get Right with Me', '232', 2),
(17, 'Rush', '277', 2),
(18, 'One Caress', '212', 2),
(19, 'Higher Love', '356', 2),
(20, 'Beautiful Trauma', '250', 3),	
(21, 'Revenge', '226', 3),
(22, 'Whatever You Want', '242', 3),
(23, 'What About Us', '262', 3),
(24, 'But We Lost It', '207', 3),
(25, 'Barbies', '223', 3),
(26, 'Where We Go', '267', 3),
(27, 'For Now', '213', 3),
(28, 'Secrets', '210', 3),
(29, 'Better Life', '200', 3),
(30, 'I Am Here', '246', 3),
(31, 'Wild Hearts Can not Be Broken', '201', 3),
(32, 'You Get My Love', '311', 3),
(33, 'Kaleidoscope', '456', 4),
(34, 'Escape Me', '257', 4),
(35, 'You Are My Diamond', '250', 4),
(36, 'I Will Be Here', '206', 4),
(37, 'I Am Strong', '339', 4),
(38, 'Here On Earth', '295', 4),
(39, 'Always Near', '213', 4),
(40, 'It is Not The Things You Say', '282', 4),
(41, 'Fresh Fruit', '323', 4),
(42, 'Century','323', 4),
(43, 'Feel It In My Bones', '292', 4),
(44, 'Who Wants To Be Alone', '283', 4),
(45, 'La Ride', '253', 4),
(46, 'Bend It Like You Do not Care', '253', 4),
(47, 'Knock You Out', '305', 4),
(48, 'Louder Than Boom','250', 4),
(49, 'Surrounded By Light', '225', 4),
(50, 'Whistle', '219', 4),
(51, 'Wild Ones', '233', 5),
(52, 'Let It Roll', '194', 5),
(53, 'Good Feeling', '248', 5),
(54, 'In My Mind, Part 2', '243', 5),
(55, 'Sweet Spot', '228', 5),
(56, 'Thinking of You', '220', 5),
(57, 'I Cry', '223', 5),
(58, 'Run', '233', 5),
(59, 'Pump It', '213', 6),
(60, 'Do not Phunk with My Heart', '239', 6),
(61, 'My Style', '268', 6),
(62, 'Do not Lie', '219', 6),
(63, 'My Humps', '326', 6),
(64, 'Like That', '214', 6),
(65, 'Dum Diddly', '259', 6),
(66, 'Feel It', '259', 6),
(67, 'Gone Going','213', 6),
(68, 'They Don not Want Music', '406', 6),
(69, 'Disco Club', '228', 7),
(70, 'Bebot', '210', 7),
(71, 'Ba Bump', '236', 7),
(72, 'Audio Delite at Low Fidelity', '329', 7),
(73, 'Union', '304', 7),
(74, 'The Alphabeat', '209', 7),
(75, 'Lunar', '316', 7),
(76, 'Sunshine', '361', 7),
(77, 'Little Bad Girl', '202', 7),
(78, 'Metro Music', '213', 7),
(79, 'Toy Story', '224', 7),
(80, 'The Future', '256', 7),
(81, 'Dreams', '288', 7),
(82, 'Paris', '280', 7),
(83, 'Glasgow', '313', 7),
(84, 'Feed The Machine', '302', 8),
(85, 'Coin For The Ferryman', '290', 8),
(86, 'Song On Fire', '230', 8),
(87, 'Must Be Nice', '222', 8),
(88, 'After The Rain', '214', 8),
(89, 'For The River', '208', 8),
(90, 'Home', '232', 8),
(91, 'The Betrayal Act III', '200', 8),
(92, 'Silent Majority', '232', 8),
(93, 'Every Time We are Together', '232', 9),
(94, 'The Betrayal Act I', '162', 9),
(95, 'Slide', '230', 9),
(96, 'Cash Out', '235', 9),
(97, 'Heatstroke', '229', 9),
(98, 'Rollin', '222', 9),
(99, 'Prayers Up', '204', 9),
(100, 'Holiday', '229', 9),
(101, 'Skrt on Me', '228', 9),
(102, 'Feels', '223', 9),
(103, 'Faking It', '240', 9),
(104, 'Hard to Love', '230', 9);

INSERT INTO AlbumArtist(artist_id, album_id)
VALUES
(1, 1),
(1, 2),
(2, 3),
(3, 4),
(4, 5),
(5, 6),
(6, 7),
(7, 8),
(8, 9);

INSERT INTO CompilationArtist(artist_id, album_id)
VALUES
(1, 11),
(1, 12),
(1, 16),
(2, 10),
(2, 13),
(2, 17),
(3, 11),
(3, 13),
(3, 14),
(3, 15),
(4, 14),
(5, 14),
(5, 15),
(6, 10),
(6, 11),
(6, 15),
(6, 17),
(7, 16),
(8, 10),
(8, 13),
(8, 14),
(8, 15),
(8, 17);

INSERT INTO AlbumTrack(track_id, album_id, artist_id)
VALUES
(20, 10, 2),
(77, 10, 6),
(69, 10, 6),
(25, 10, 2),
(102, 10, 8),
(74, 10, 6),
(70, 11, 6),
(33, 11, 3),
(69, 11, 6),
(37, 11, 3),
(7, 11, 1),
(6, 12, 1),
(8, 12, 1),
(10, 12, 1),
(15, 12, 1),
(19, 12, 1),
(29, 13, 2),
(44, 13, 3),
(31, 13, 2),
(95, 13, 8),
(101, 13, 8),
(20, 14, 3),
(63, 14, 5),
(51, 14, 4),
(95, 14, 8),
(55, 14, 4),
(68, 15, 5),
(93, 15, 8),
(33, 15, 3),
(70, 15, 6),
(82, 15, 6),
(84, 16, 7),
(15, 16, 1),
(10, 16, 1),
(92, 16, 7),
(69, 17, 6),
(77, 17, 6),
(98, 17, 8),
(22, 17, 2);